value_segment,total_clv,avg_monthly_revenue,customer_count,forecasted_revenue_next_6m
Low,1257976.2822388094,27.955028494195762,1250,209662.71370646823
Mid,1991867.2508412313,44.2637166853607,1250,331977.87514020526
High,2523345.5826840713,56.074346281868245,1250,420557.5971140118
VIP,3294281.9208206898,73.20626490712644,1250,549046.9868034483
